{"mtx": [[497.24197144160684, -0.10783045803119455, 770.8559486406431], [0.0, 497.24736522685606, 758.5683947733147], [0.0, 0.0, 1.0]], "dist": [[-0.0021494503312844103], [-0.01141465720846944], [0.0013632240622434425], [-0.0005968372735353437]]}