{"mtx": [[869.9112371767742, -1.4906763760340607, 1530.104723168087], [0.0, 869.0410058434749, 1531.2993051799644], [0.0, 0.0, 1.0]], "dist": [[0.0027125963089183057], [0.0045671599083214704], [-0.0023693312867178688], [4.394446720683889e-06]]}