{"mtx": [[695.3600880675674, -0.5723210557909553, 1076.7139223943598], [0.0, 695.824777945352, 1077.8047489342594], [0.0, 0.0, 1.0]], "dist": [[0.0063705720717683965], [-0.013778400837014924], [0.01038395350422046], [-0.004753324997994891]]}